<component name="libraryTable">
  <library name="Gradle: com.google.android.gms:play-services-tasks:16.0.1@aar">
    <CLASSES>
      <root url="jar://$USER_HOME$/.gradle/caches/transforms-1/files-1.1/play-services-tasks-16.0.1.aar/97eff65ff2371789f8c23b06de5a9369/jars/classes.jar!/" />
      <root url="file://$USER_HOME$/.gradle/caches/transforms-1/files-1.1/play-services-tasks-16.0.1.aar/97eff65ff2371789f8c23b06de5a9369/res" />
    </CLASSES>
    <JAVADOC />
    <SOURCES />
  </library>
</component>