<component name="libraryTable">
  <library name="Gradle: com.android.support:slidingpanelayout:28.0.0@aar">
    <CLASSES>
      <root url="file://$USER_HOME$/.gradle/caches/transforms-1/files-1.1/slidingpanelayout-28.0.0.aar/0b17648a78c62208a6d20fffee77ed99/res" />
      <root url="jar://$USER_HOME$/.gradle/caches/transforms-1/files-1.1/slidingpanelayout-28.0.0.aar/0b17648a78c62208a6d20fffee77ed99/jars/classes.jar!/" />
    </CLASSES>
    <JAVADOC />
    <SOURCES />
  </library>
</component>