<component name="libraryTable">
  <library name="Gradle: com.android.support:animated-vector-drawable:28.0.0@aar">
    <CLASSES>
      <root url="file://$USER_HOME$/.gradle/caches/transforms-1/files-1.1/animated-vector-drawable-28.0.0.aar/7e5ea54ebb4dbd5a31bf1240d0bd6520/res" />
      <root url="jar://$USER_HOME$/.gradle/caches/transforms-1/files-1.1/animated-vector-drawable-28.0.0.aar/7e5ea54ebb4dbd5a31bf1240d0bd6520/jars/classes.jar!/" />
    </CLASSES>
    <JAVADOC />
    <SOURCES />
  </library>
</component>