<component name="libraryTable">
  <library name="Gradle: com.android.support.constraint:constraint-layout:1.1.3@aar">
    <CLASSES>
      <root url="file://$USER_HOME$/.gradle/caches/transforms-1/files-1.1/constraint-layout-1.1.3.aar/13d236bc46273c2150de8fc500ea77cb/res" />
      <root url="jar://$USER_HOME$/.gradle/caches/transforms-1/files-1.1/constraint-layout-1.1.3.aar/13d236bc46273c2150de8fc500ea77cb/jars/classes.jar!/" />
    </CLASSES>
    <JAVADOC />
    <SOURCES />
  </library>
</component>