<component name="libraryTable">
  <library name="Gradle: com.google.android.gms:play-services-maps:16.1.0@aar">
    <CLASSES>
      <root url="jar://$USER_HOME$/.gradle/caches/transforms-1/files-1.1/play-services-maps-16.1.0.aar/165574934a6a2a29f090ad2fb442cd9d/jars/classes.jar!/" />
      <root url="file://$USER_HOME$/.gradle/caches/transforms-1/files-1.1/play-services-maps-16.1.0.aar/165574934a6a2a29f090ad2fb442cd9d/res" />
    </CLASSES>
    <JAVADOC>
      <root url="jar://$USER_HOME$/.gradle/caches/modules-2/files-2.1/com.google.android.gms/play-services-maps/16.1.0/68568da8e0d63d5d6fc4b6dfe9e01edc038e6a43/play-services-maps-16.1.0-javadoc.jar!/" />
    </JAVADOC>
    <SOURCES />
  </library>
</component>