<component name="libraryTable">
  <library name="Gradle: com.android.support:drawerlayout:28.0.0@aar">
    <ANNOTATIONS>
      <root url="jar://$USER_HOME$/.gradle/caches/transforms-1/files-1.1/drawerlayout-28.0.0.aar/f75780c05e7e3ef892611efd76ccf636/annotations.zip!/" />
    </ANNOTATIONS>
    <CLASSES>
      <root url="jar://$USER_HOME$/.gradle/caches/transforms-1/files-1.1/drawerlayout-28.0.0.aar/f75780c05e7e3ef892611efd76ccf636/jars/classes.jar!/" />
      <root url="file://$USER_HOME$/.gradle/caches/transforms-1/files-1.1/drawerlayout-28.0.0.aar/f75780c05e7e3ef892611efd76ccf636/res" />
    </CLASSES>
    <JAVADOC />
    <SOURCES />
  </library>
</component>