<component name="libraryTable">
  <library name="Gradle: com.android.support:support-fragment:28.0.0@aar">
    <ANNOTATIONS>
      <root url="jar://$USER_HOME$/.gradle/caches/transforms-1/files-1.1/support-fragment-28.0.0.aar/e52379472c0fc9a8dd45f2663404067c/annotations.zip!/" />
    </ANNOTATIONS>
    <CLASSES>
      <root url="jar://$USER_HOME$/.gradle/caches/transforms-1/files-1.1/support-fragment-28.0.0.aar/e52379472c0fc9a8dd45f2663404067c/jars/classes.jar!/" />
      <root url="file://$USER_HOME$/.gradle/caches/transforms-1/files-1.1/support-fragment-28.0.0.aar/e52379472c0fc9a8dd45f2663404067c/res" />
    </CLASSES>
    <JAVADOC />
    <SOURCES />
  </library>
</component>