<component name="libraryTable">
  <library name="Gradle: com.android.support:print:28.0.0@aar">
    <ANNOTATIONS>
      <root url="jar://$USER_HOME$/.gradle/caches/transforms-1/files-1.1/print-28.0.0.aar/2d3e2c2d81a91f53cb3b02807e9632c7/annotations.zip!/" />
    </ANNOTATIONS>
    <CLASSES>
      <root url="file://$USER_HOME$/.gradle/caches/transforms-1/files-1.1/print-28.0.0.aar/2d3e2c2d81a91f53cb3b02807e9632c7/res" />
      <root url="jar://$USER_HOME$/.gradle/caches/transforms-1/files-1.1/print-28.0.0.aar/2d3e2c2d81a91f53cb3b02807e9632c7/jars/classes.jar!/" />
    </CLASSES>
    <JAVADOC />
    <SOURCES />
  </library>
</component>