<component name="libraryTable">
  <library name="Gradle: com.android.support:support-vector-drawable:28.0.0@aar">
    <CLASSES>
      <root url="jar://$USER_HOME$/.gradle/caches/transforms-1/files-1.1/support-vector-drawable-28.0.0.aar/6ba4bce892dca85e7f8de07d81df099f/jars/classes.jar!/" />
      <root url="file://$USER_HOME$/.gradle/caches/transforms-1/files-1.1/support-vector-drawable-28.0.0.aar/6ba4bce892dca85e7f8de07d81df099f/res" />
    </CLASSES>
    <JAVADOC />
    <SOURCES />
  </library>
</component>