<component name="libraryTable">
  <library name="Gradle: com.android.support:asynclayoutinflater:28.0.0@aar">
    <CLASSES>
      <root url="file://$USER_HOME$/.gradle/caches/transforms-1/files-1.1/asynclayoutinflater-28.0.0.aar/a6d40ae1dd27d8fe62c4a8443e142e0d/res" />
      <root url="jar://$USER_HOME$/.gradle/caches/transforms-1/files-1.1/asynclayoutinflater-28.0.0.aar/a6d40ae1dd27d8fe62c4a8443e142e0d/jars/classes.jar!/" />
    </CLASSES>
    <JAVADOC />
    <SOURCES />
  </library>
</component>