<component name="libraryTable">
  <library name="Gradle: com.android.support:support-core-utils:28.0.0@aar">
    <CLASSES>
      <root url="file://$USER_HOME$/.gradle/caches/transforms-1/files-1.1/support-core-utils-28.0.0.aar/39254718195dce548c35dfa037e6c6eb/res" />
      <root url="jar://$USER_HOME$/.gradle/caches/transforms-1/files-1.1/support-core-utils-28.0.0.aar/39254718195dce548c35dfa037e6c6eb/jars/classes.jar!/" />
    </CLASSES>
    <JAVADOC />
    <SOURCES />
  </library>
</component>