<component name="libraryTable">
  <library name="Gradle: com.android.support:versionedparcelable:28.0.0@aar">
    <CLASSES>
      <root url="jar://$USER_HOME$/.gradle/caches/transforms-1/files-1.1/versionedparcelable-28.0.0.aar/afa3fda09abf3d922ad4d07ed493ff04/jars/classes.jar!/" />
      <root url="file://$USER_HOME$/.gradle/caches/transforms-1/files-1.1/versionedparcelable-28.0.0.aar/afa3fda09abf3d922ad4d07ed493ff04/res" />
    </CLASSES>
    <JAVADOC />
    <SOURCES />
  </library>
</component>