<component name="libraryTable">
  <library name="Gradle: com.android.support:appcompat-v7:28.0.0@aar">
    <ANNOTATIONS>
      <root url="jar://$USER_HOME$/.gradle/caches/transforms-1/files-1.1/appcompat-v7-28.0.0.aar/f67d3f72c5d30369290a4cb536bbd10b/annotations.zip!/" />
    </ANNOTATIONS>
    <CLASSES>
      <root url="file://$USER_HOME$/.gradle/caches/transforms-1/files-1.1/appcompat-v7-28.0.0.aar/f67d3f72c5d30369290a4cb536bbd10b/res" />
      <root url="jar://$USER_HOME$/.gradle/caches/transforms-1/files-1.1/appcompat-v7-28.0.0.aar/f67d3f72c5d30369290a4cb536bbd10b/jars/classes.jar!/" />
    </CLASSES>
    <JAVADOC />
    <SOURCES />
  </library>
</component>