<component name="libraryTable">
  <library name="Gradle: com.android.support:support-compat:28.0.0@aar">
    <ANNOTATIONS>
      <root url="jar://$USER_HOME$/.gradle/caches/transforms-1/files-1.1/support-compat-28.0.0.aar/3e9a700fb335f3ec79d2a91c8130c67c/annotations.zip!/" />
    </ANNOTATIONS>
    <CLASSES>
      <root url="file://$USER_HOME$/.gradle/caches/transforms-1/files-1.1/support-compat-28.0.0.aar/3e9a700fb335f3ec79d2a91c8130c67c/res" />
      <root url="jar://$USER_HOME$/.gradle/caches/transforms-1/files-1.1/support-compat-28.0.0.aar/3e9a700fb335f3ec79d2a91c8130c67c/jars/classes.jar!/" />
    </CLASSES>
    <JAVADOC />
    <SOURCES />
  </library>
</component>