<component name="libraryTable">
  <library name="Gradle: com.android.support:localbroadcastmanager:28.0.0@aar">
    <CLASSES>
      <root url="jar://$USER_HOME$/.gradle/caches/transforms-1/files-1.1/localbroadcastmanager-28.0.0.aar/8d735137de9aed84e7e706c125df00ba/jars/classes.jar!/" />
      <root url="file://$USER_HOME$/.gradle/caches/transforms-1/files-1.1/localbroadcastmanager-28.0.0.aar/8d735137de9aed84e7e706c125df00ba/res" />
    </CLASSES>
    <JAVADOC />
    <SOURCES />
  </library>
</component>