<component name="libraryTable">
  <library name="Gradle: com.android.support:coordinatorlayout:28.0.0@aar">
    <ANNOTATIONS>
      <root url="jar://$USER_HOME$/.gradle/caches/transforms-1/files-1.1/coordinatorlayout-28.0.0.aar/42adeff0b2ac761796aee3cfba3828d5/annotations.zip!/" />
    </ANNOTATIONS>
    <CLASSES>
      <root url="file://$USER_HOME$/.gradle/caches/transforms-1/files-1.1/coordinatorlayout-28.0.0.aar/42adeff0b2ac761796aee3cfba3828d5/res" />
      <root url="jar://$USER_HOME$/.gradle/caches/transforms-1/files-1.1/coordinatorlayout-28.0.0.aar/42adeff0b2ac761796aee3cfba3828d5/jars/classes.jar!/" />
    </CLASSES>
    <JAVADOC />
    <SOURCES />
  </library>
</component>