<component name="libraryTable">
  <library name="Gradle: com.android.support:swiperefreshlayout:28.0.0@aar">
    <ANNOTATIONS>
      <root url="jar://$USER_HOME$/.gradle/caches/transforms-1/files-1.1/swiperefreshlayout-28.0.0.aar/62ea0c9c752772049fb454ea1789e912/annotations.zip!/" />
    </ANNOTATIONS>
    <CLASSES>
      <root url="jar://$USER_HOME$/.gradle/caches/transforms-1/files-1.1/swiperefreshlayout-28.0.0.aar/62ea0c9c752772049fb454ea1789e912/jars/classes.jar!/" />
      <root url="file://$USER_HOME$/.gradle/caches/transforms-1/files-1.1/swiperefreshlayout-28.0.0.aar/62ea0c9c752772049fb454ea1789e912/res" />
    </CLASSES>
    <JAVADOC />
    <SOURCES />
  </library>
</component>