<component name="libraryTable">
  <library name="Gradle: com.google.android.gms:play-services-base:16.0.1@aar">
    <CLASSES>
      <root url="jar://$USER_HOME$/.gradle/caches/transforms-1/files-1.1/play-services-base-16.0.1.aar/a1a219600b2ef9f92465c0c186bce721/jars/classes.jar!/" />
      <root url="file://$USER_HOME$/.gradle/caches/transforms-1/files-1.1/play-services-base-16.0.1.aar/a1a219600b2ef9f92465c0c186bce721/res" />
    </CLASSES>
    <JAVADOC />
    <SOURCES />
  </library>
</component>