<component name="libraryTable">
  <library name="Gradle: com.google.android.gms:play-services-basement:16.0.1@aar">
    <CLASSES>
      <root url="jar://$USER_HOME$/.gradle/caches/transforms-1/files-1.1/play-services-basement-16.0.1.aar/0d0420fc2a3fd5c73bda0bda6d6d46ac/jars/classes.jar!/" />
      <root url="file://$USER_HOME$/.gradle/caches/transforms-1/files-1.1/play-services-basement-16.0.1.aar/0d0420fc2a3fd5c73bda0bda6d6d46ac/res" />
    </CLASSES>
    <JAVADOC />
    <SOURCES />
  </library>
</component>